,comparacao,distancia
0,7887178_133943_emenda_jus.txt_0,0.11617241822394608
1,7887178_133943_emenda_jus.txt_10,0.10534454485420339
2,7887178_133943_emenda_jus.txt_11,0.12478415413508476
3,7887178_133943_emenda_jus.txt_15,0.10185723968102134
4,7887178_133943_emenda_jus.txt_16,0.10422770065354804
5,7887178_133943_emenda_jus.txt_17,0.13636944858002628
6,7887178_133943_emenda_jus.txt_25,0.1107773994471384
7,7887178_133943_emenda_jus.txt_32,0.11600977847675664
8,7887178_133943_emenda_jus.txt_36,0.09944811078651136
9,7887178_133943_emenda_jus.txt_37,0.11877686135187118
10,7887178_133943_emenda_jus.txt_39,0.10526653546102185
11,7887178_133943_emenda_jus.txt_40,0.11333346380282702
12,7887178_133943_emenda_jus.txt_43,0.11135776463320181
13,7887178_133943_emenda_jus.txt_44,0.11865810868870429
14,7887178_133943_emenda_jus.txt_46,0.10669307201690084
15,7887178_133943_emenda_jus.txt_47,0.09452400602979219
16,7887178_133943_emenda_jus.txt_48,0.10041450088620649
17,7887178_133943_emenda_jus.txt_49,0.1085620588458289
18,7887178_133943_emenda_jus.txt_55,0.1033878371180442
19,7887178_133943_emenda_jus.txt_58,0.09964634412243659
20,7887178_133943_emenda_jus.txt_59,0.10767527288230645
21,7887178_133943_emenda_jus.txt_85,0.12282280823623196
22,7887178_133943_emenda_jus.txt_97,0.10343213829383802
23,7887178_133943_emenda_jus.txt_101,0.11525081866783848
24,7887178_133943_emenda_jus.txt_102,0.1111918812054538
25,7887178_133943_emenda_jus.txt_103,0.09254051985111762
26,7887178_133943_emenda_jus.txt_105,0.11014344351541257
27,7887178_133943_emenda_jus.txt_115,0.10561749633038613
28,7887178_133943_emenda_jus.txt_118,0.10009848616085427
29,7887178_133943_emenda_jus.txt_125,0.11550251346208336
30,7887178_133943_emenda_jus.txt_128,0.10369148302023097
31,7887178_133943_emenda_jus.txt_137,0.10135098537806511
32,7887178_133943_emenda_jus.txt_138,0.12913145574521107
33,7887178_133943_emenda_jus.txt_150,0.09922521304293551
34,7887178_133943_emenda_jus.txt_151,0.10602541329262453
35,7887178_133943_emenda_jus.txt_159,0.10985861440137278
36,7887178_133943_emenda_jus.txt_160,0.11503347700733403
37,7887178_133943_emenda_jus.txt_162,0.09845656803841148
38,7887178_133943_emenda_jus.txt_163,0.10165596030591717
39,7887178_133943_emenda_jus.txt_171,0.12054485979266528
40,7887178_133943_emenda_jus.txt_172,0.10818297320383477
41,7887178_133943_emenda_jus.txt_173,0.11564790564304026
42,7887178_133943_emenda_jus.txt_174,0.10079363836779853
43,7887178_133943_emenda_jus.txt_175,0.1123255649036782
44,7887178_133943_emenda_jus.txt_176,0.1099946489886448
45,7887178_133943_emenda_jus.txt_188,0.09852868887355029
46,7887178_133943_emenda_jus.txt_200,0.10084602328027667
47,7887178_133943_emenda_jus.txt_204,0.12992686351685384
48,7887178_133943_emenda_jus.txt_205,0.10115005220027337
49,7887178_133943_emenda_jus.txt_210,0.11373997359454323
50,7887178_133943_emenda_jus.txt_212,0.09985219388202965
51,7887178_133943_emenda_jus.txt_213,0.1056697898863159
52,7887178_133943_emenda_jus.txt_215,0.11041224340023108
53,7887178_133943_emenda_jus.txt_217,0.10958722233974239
54,7887178_133943_emenda_jus.txt_218,0.11104911110938646
55,7887178_133943_emenda_jus.txt_248,0.09763274939555738
56,7887178_133943_emenda_jus.txt_249,0.12219501620933707
57,7887178_133943_emenda_jus.txt_257,0.10384914056927116
58,7887178_133943_emenda_jus.txt_258,0.12094027917530989
59,7887178_133943_emenda_jus.txt_259,0.0
60,7887178_133943_emenda_jus.txt_278,0.1008996850160356
61,7887178_133943_emenda_jus.txt_280,0.09974800731316577
62,7887178_133943_emenda_jus.txt_282,0.11777975194011205
63,7887178_133943_emenda_jus.txt_285,0.10487706501535274
64,7887178_133943_emenda_jus.txt_286,0.11950531292189784
65,7887178_133943_emenda_jus.txt_287,0.12570063064012915
66,7887178_133943_emenda_jus.txt_288,0.1020296308160221
67,7887178_133943_emenda_jus.txt_289,0.10776570837113439
68,7887178_133943_emenda_jus.txt_291,0.10272927621448076
69,7887178_133943_emenda_jus.txt_309,0.0
70,7887178_133943_emenda_jus.txt_311,0.11485405527568916
71,7887178_133943_emenda_jus.txt_312,0.0986336995805926
72,7887178_133943_emenda_jus.txt_316,0.13598619729058456
73,7887178_133943_emenda_jus.txt_319,0.09524619895348094
74,7887178_133943_emenda_jus.txt_320,0.09906475286873113
75,7887178_133943_emenda_jus.txt_338,0.11364649226396092
76,7887178_133943_emenda_jus.txt_345,0.12231950888285383
77,7887178_133943_emenda_jus.txt_347,0.10893138626890686
78,7887178_133943_emenda_jus.txt_348,0.12351290271043812
79,7887178_133943_emenda_jus.txt_349,0.11695921761488146
80,7887178_133943_emenda_jus.txt_350,0.1063365696713703
81,7887178_133943_emenda_jus.txt_351,0.1027221779977251
82,7887178_133943_emenda_jus.txt_352,0.1170197740025837
83,7887178_133943_emenda_jus.txt_353,0.0952423431299225
84,7887178_133943_emenda_jus.txt_355,0.10721628122946751
85,7890122_133943_emenda_jus.txt_0,0.11714865848739785
86,7890122_133943_emenda_jus.txt_10,0.10493140893435016
87,7890122_133943_emenda_jus.txt_11,0.12677363908884903
88,7890122_133943_emenda_jus.txt_15,0.10089351407062981
89,7890122_133943_emenda_jus.txt_16,0.10436524068863438
90,7890122_133943_emenda_jus.txt_17,0.1372505641191929
91,7890122_133943_emenda_jus.txt_25,0.11082797935094907
92,7890122_133943_emenda_jus.txt_32,0.11568568492299401
93,7890122_133943_emenda_jus.txt_36,0.09880568460658945
94,7890122_133943_emenda_jus.txt_37,0.12118567448727938
95,7890122_133943_emenda_jus.txt_39,0.10329505552772099
96,7890122_133943_emenda_jus.txt_40,0.1128073168979718
97,7890122_133943_emenda_jus.txt_43,0.1117494221730785
98,7890122_133943_emenda_jus.txt_44,0.12162056568643251
99,7890122_133943_emenda_jus.txt_46,0.10745511025481663
100,7890122_133943_emenda_jus.txt_47,0.09189219278441894
101,7890122_133943_emenda_jus.txt_48,0.10054310358583883
102,7890122_133943_emenda_jus.txt_49,0.10632900671858876
103,7890122_133943_emenda_jus.txt_55,0.10189846733574597
104,7890122_133943_emenda_jus.txt_58,0.0986630006309976
105,7890122_133943_emenda_jus.txt_59,0.10609969618018435
106,7890122_133943_emenda_jus.txt_85,0.12853096487560084
107,7890122_133943_emenda_jus.txt_97,0.10416095283024618
108,7890122_133943_emenda_jus.txt_101,0.11487100048931656
109,7890122_133943_emenda_jus.txt_102,0.10974739692202629
110,7890122_133943_emenda_jus.txt_103,0.0909891681831044
111,7890122_133943_emenda_jus.txt_105,0.11283272743670608
112,7890122_133943_emenda_jus.txt_115,0.104066644687311
113,7890122_133943_emenda_jus.txt_118,0.09886445028770793
114,7890122_133943_emenda_jus.txt_125,0.11531995753218309
115,7890122_133943_emenda_jus.txt_128,0.10402561790162164
116,7890122_133943_emenda_jus.txt_137,0.10056591465698422
117,7890122_133943_emenda_jus.txt_138,0.1305051999991604
118,7890122_133943_emenda_jus.txt_150,0.09701642336702189
119,7890122_133943_emenda_jus.txt_151,0.10767084401302797
120,7890122_133943_emenda_jus.txt_159,0.11349285488583108
121,7890122_133943_emenda_jus.txt_160,0.11595571931020013
122,7890122_133943_emenda_jus.txt_162,0.09899785353154453
123,7890122_133943_emenda_jus.txt_163,0.09983011131341724
124,7890122_133943_emenda_jus.txt_171,0.12105027075004096
125,7890122_133943_emenda_jus.txt_172,0.1084571669941407
126,7890122_133943_emenda_jus.txt_173,0.1139438250607175
127,7890122_133943_emenda_jus.txt_174,0.09847125223717298
128,7890122_133943_emenda_jus.txt_175,0.11452987942033463
129,7890122_133943_emenda_jus.txt_176,0.11009761732691696
130,7890122_133943_emenda_jus.txt_188,0.0941070947477244
131,7890122_133943_emenda_jus.txt_200,0.0980568186454922
132,7890122_133943_emenda_jus.txt_204,0.13184338993321218
133,7890122_133943_emenda_jus.txt_205,0.10091127182345065
134,7890122_133943_emenda_jus.txt_210,0.11405160753794485
135,7890122_133943_emenda_jus.txt_212,0.10018122552152182
136,7890122_133943_emenda_jus.txt_213,0.10622294414856275
137,7890122_133943_emenda_jus.txt_215,0.10988608463083634
138,7890122_133943_emenda_jus.txt_217,0.11425876235125347
139,7890122_133943_emenda_jus.txt_218,0.11113316503200284
140,7890122_133943_emenda_jus.txt_248,0.0965850577225056
141,7890122_133943_emenda_jus.txt_249,0.12384853137706271
142,7890122_133943_emenda_jus.txt_257,0.1046699329308962
143,7890122_133943_emenda_jus.txt_258,0.12250911773538443
144,7890122_133943_emenda_jus.txt_259,0.0
145,7890122_133943_emenda_jus.txt_278,0.10027570141087667
146,7890122_133943_emenda_jus.txt_280,0.09807624224778544
147,7890122_133943_emenda_jus.txt_282,0.11828867993029257
148,7890122_133943_emenda_jus.txt_285,0.10416293116894948
149,7890122_133943_emenda_jus.txt_286,0.11819957606161162
150,7890122_133943_emenda_jus.txt_287,0.12535354308430274
151,7890122_133943_emenda_jus.txt_288,0.10156817601971478
152,7890122_133943_emenda_jus.txt_289,0.1056179422771125
153,7890122_133943_emenda_jus.txt_291,0.1011796228749523
154,7890122_133943_emenda_jus.txt_309,0.0
155,7890122_133943_emenda_jus.txt_311,0.11540370920450173
156,7890122_133943_emenda_jus.txt_312,0.09784379813095269
157,7890122_133943_emenda_jus.txt_316,0.13834711851226295
158,7890122_133943_emenda_jus.txt_319,0.09370330597586009
159,7890122_133943_emenda_jus.txt_320,0.09715986803402842
160,7890122_133943_emenda_jus.txt_338,0.11162875736167094
161,7890122_133943_emenda_jus.txt_345,0.12350718536854197
162,7890122_133943_emenda_jus.txt_347,0.10895728554160626
163,7890122_133943_emenda_jus.txt_348,0.12295436566055776
164,7890122_133943_emenda_jus.txt_349,0.11546570113560319
165,7890122_133943_emenda_jus.txt_350,0.10667335206877095
166,7890122_133943_emenda_jus.txt_351,0.10159869771684915
167,7890122_133943_emenda_jus.txt_352,0.11785396714684969
168,7890122_133943_emenda_jus.txt_353,0.09447217747648441
169,7890122_133943_emenda_jus.txt_355,0.10771634362482893
170,7886946_133943_emenda_jus.txt_0,0.1162229477267687
171,7886946_133943_emenda_jus.txt_10,0.10495235787748515
172,7886946_133943_emenda_jus.txt_11,0.12882498728261432
173,7886946_133943_emenda_jus.txt_15,0.10247790383184635
174,7886946_133943_emenda_jus.txt_16,0.10375740368515231
175,7886946_133943_emenda_jus.txt_17,0.14234788763083014
176,7886946_133943_emenda_jus.txt_25,0.11219661954963883
177,7886946_133943_emenda_jus.txt_32,0.11673802251911242
178,7886946_133943_emenda_jus.txt_36,0.09956054928755315
179,7886946_133943_emenda_jus.txt_37,0.12324215896998819
180,7886946_133943_emenda_jus.txt_39,0.1047105027816949
181,7886946_133943_emenda_jus.txt_40,0.11523868928488518
182,7886946_133943_emenda_jus.txt_43,0.11044403849578803
183,7886946_133943_emenda_jus.txt_44,0.11907771370955236
184,7886946_133943_emenda_jus.txt_46,0.10608332513988782
185,7886946_133943_emenda_jus.txt_47,0.09152003946518505
186,7886946_133943_emenda_jus.txt_48,0.09744963456088213
187,7886946_133943_emenda_jus.txt_49,0.10756247240167785
188,7886946_133943_emenda_jus.txt_55,0.10233396926288493
189,7886946_133943_emenda_jus.txt_58,0.0995629342134866
190,7886946_133943_emenda_jus.txt_59,0.1081514725575045
191,7886946_133943_emenda_jus.txt_85,0.13712982285049374
192,7886946_133943_emenda_jus.txt_97,0.10289754124901405
193,7886946_133943_emenda_jus.txt_101,0.11717163879556405
194,7886946_133943_emenda_jus.txt_102,0.11110439960114635
195,7886946_133943_emenda_jus.txt_103,0.09024040807258031
196,7886946_133943_emenda_jus.txt_105,0.11234406292472743
197,7886946_133943_emenda_jus.txt_115,0.10335695369208503
198,7886946_133943_emenda_jus.txt_118,0.10021128056837889
199,7886946_133943_emenda_jus.txt_125,0.11347387502975526
200,7886946_133943_emenda_jus.txt_128,0.10482847281116292
201,7886946_133943_emenda_jus.txt_137,0.1000239359689795
202,7886946_133943_emenda_jus.txt_138,0.13325057528386533
203,7886946_133943_emenda_jus.txt_150,0.09835155709533838
204,7886946_133943_emenda_jus.txt_151,0.1040392088001875
205,7886946_133943_emenda_jus.txt_159,0.1136651859255467
206,7886946_133943_emenda_jus.txt_160,0.11425543294997859
207,7886946_133943_emenda_jus.txt_162,0.09639314000839369
208,7886946_133943_emenda_jus.txt_163,0.1050847267156019
209,7886946_133943_emenda_jus.txt_171,0.11908679600376952
210,7886946_133943_emenda_jus.txt_172,0.1063339899059351
211,7886946_133943_emenda_jus.txt_173,0.11584153471355368
212,7886946_133943_emenda_jus.txt_174,0.09896844575796722
213,7886946_133943_emenda_jus.txt_175,0.11352902255519125
214,7886946_133943_emenda_jus.txt_176,0.10959272018702142
215,7886946_133943_emenda_jus.txt_188,0.0988501176693341
216,7886946_133943_emenda_jus.txt_200,0.09906058782436253
217,7886946_133943_emenda_jus.txt_204,0.13156446059075427
218,7886946_133943_emenda_jus.txt_205,0.09714850142272823
219,7886946_133943_emenda_jus.txt_210,0.11057802144855725
220,7886946_133943_emenda_jus.txt_212,0.09693550938780492
221,7886946_133943_emenda_jus.txt_213,0.10705076550755434
222,7886946_133943_emenda_jus.txt_215,0.10644134243995662
223,7886946_133943_emenda_jus.txt_217,0.11737251934780932
224,7886946_133943_emenda_jus.txt_218,0.11208980786792301
225,7886946_133943_emenda_jus.txt_248,0.09526230847824364
226,7886946_133943_emenda_jus.txt_249,0.126055127413148
227,7886946_133943_emenda_jus.txt_257,0.10425975475355148
228,7886946_133943_emenda_jus.txt_258,0.12040083537228277
229,7886946_133943_emenda_jus.txt_259,0.0
230,7886946_133943_emenda_jus.txt_278,0.09906291641532258
231,7886946_133943_emenda_jus.txt_280,0.0981561989745519
232,7886946_133943_emenda_jus.txt_282,0.11932250735753705
233,7886946_133943_emenda_jus.txt_285,0.10595961837041196
234,7886946_133943_emenda_jus.txt_286,0.12450351342713228
235,7886946_133943_emenda_jus.txt_287,0.12501023175348872
236,7886946_133943_emenda_jus.txt_288,0.10011897567643953
237,7886946_133943_emenda_jus.txt_289,0.10596493101006385
238,7886946_133943_emenda_jus.txt_291,0.10353302092157979
239,7886946_133943_emenda_jus.txt_309,0.0
240,7886946_133943_emenda_jus.txt_311,0.11476890844977553
241,7886946_133943_emenda_jus.txt_312,0.09566587992767438
242,7886946_133943_emenda_jus.txt_316,0.1391312598680136
243,7886946_133943_emenda_jus.txt_319,0.09376158739583328
244,7886946_133943_emenda_jus.txt_320,0.09809776785799992
245,7886946_133943_emenda_jus.txt_338,0.11177589639745382
246,7886946_133943_emenda_jus.txt_345,0.12055190614367568
247,7886946_133943_emenda_jus.txt_347,0.10414437421963711
248,7886946_133943_emenda_jus.txt_348,0.11819578092467481
249,7886946_133943_emenda_jus.txt_349,0.1132068047882894
250,7886946_133943_emenda_jus.txt_350,0.10132070662255938
251,7886946_133943_emenda_jus.txt_351,0.0986370084476666
252,7886946_133943_emenda_jus.txt_352,0.11593394913841354
253,7886946_133943_emenda_jus.txt_353,0.09294233731714459
254,7886946_133943_emenda_jus.txt_355,0.10671238552591779
255,7891071_133943_emenda_jus.txt_0,0.11819504771508693
256,7891071_133943_emenda_jus.txt_10,0.10652592873733312
257,7891071_133943_emenda_jus.txt_11,0.12820279233073226
258,7891071_133943_emenda_jus.txt_15,0.1022659209442621
259,7891071_133943_emenda_jus.txt_16,0.10005548311328162
260,7891071_133943_emenda_jus.txt_17,0.13641262438141727
261,7891071_133943_emenda_jus.txt_25,0.11196641387021132
262,7891071_133943_emenda_jus.txt_32,0.11519786008139993
263,7891071_133943_emenda_jus.txt_36,0.09731436387021637
264,7891071_133943_emenda_jus.txt_37,0.10373718515866168
265,7891071_133943_emenda_jus.txt_39,0.1045539615847019
266,7891071_133943_emenda_jus.txt_40,0.1139719608166616
267,7891071_133943_emenda_jus.txt_43,0.11266433569636958
268,7891071_133943_emenda_jus.txt_44,0.11993027977790319
269,7891071_133943_emenda_jus.txt_46,0.10566511251152559
270,7891071_133943_emenda_jus.txt_47,0.09545644900322792
271,7891071_133943_emenda_jus.txt_48,0.10246763429341293
272,7891071_133943_emenda_jus.txt_49,0.10885294107976132
273,7891071_133943_emenda_jus.txt_55,0.10506583647655679
274,7891071_133943_emenda_jus.txt_58,0.09718886802520665
275,7891071_133943_emenda_jus.txt_59,0.10916927340831331
276,7891071_133943_emenda_jus.txt_85,0.13376143635950827
277,7891071_133943_emenda_jus.txt_97,0.10279476410570762
278,7891071_133943_emenda_jus.txt_101,0.11817667802722148
279,7891071_133943_emenda_jus.txt_102,0.11433026905804929
280,7891071_133943_emenda_jus.txt_103,0.09477108219791511
281,7891071_133943_emenda_jus.txt_105,0.11275649021296397
282,7891071_133943_emenda_jus.txt_115,0.10765212626465635
283,7891071_133943_emenda_jus.txt_118,0.10129428293137596
284,7891071_133943_emenda_jus.txt_125,0.11477588693770362
285,7891071_133943_emenda_jus.txt_128,0.10693459594934103
286,7891071_133943_emenda_jus.txt_137,0.09581437471387264
287,7891071_133943_emenda_jus.txt_138,0.130950209021135
288,7891071_133943_emenda_jus.txt_150,0.09990978597399722
289,7891071_133943_emenda_jus.txt_151,0.10052346213895691
290,7891071_133943_emenda_jus.txt_159,0.11173700408759847
291,7891071_133943_emenda_jus.txt_160,0.11471527401493366
292,7891071_133943_emenda_jus.txt_162,0.10070476357233066
293,7891071_133943_emenda_jus.txt_163,0.10230938907648014
294,7891071_133943_emenda_jus.txt_171,0.11979441135574373
295,7891071_133943_emenda_jus.txt_172,0.10633612141488898
296,7891071_133943_emenda_jus.txt_173,0.1072798751635023
297,7891071_133943_emenda_jus.txt_174,0.10123847717659448
298,7891071_133943_emenda_jus.txt_175,0.10982505634488003
299,7891071_133943_emenda_jus.txt_176,0.11117419112838696
300,7891071_133943_emenda_jus.txt_188,0.09765768473967269
301,7891071_133943_emenda_jus.txt_200,0.10165330989329335
302,7891071_133943_emenda_jus.txt_204,0.1309028360245335
303,7891071_133943_emenda_jus.txt_205,0.0988645671914238
304,7891071_133943_emenda_jus.txt_210,0.11227176411243006
305,7891071_133943_emenda_jus.txt_212,0.10001789960765531
306,7891071_133943_emenda_jus.txt_213,0.10667293006386695
307,7891071_133943_emenda_jus.txt_215,0.10956159354787202
308,7891071_133943_emenda_jus.txt_217,0.11406277654350169
309,7891071_133943_emenda_jus.txt_218,0.11296164299923295
310,7891071_133943_emenda_jus.txt_248,0.0991222735974539
311,7891071_133943_emenda_jus.txt_249,0.12491126925653168
312,7891071_133943_emenda_jus.txt_257,0.10562020525952098
313,7891071_133943_emenda_jus.txt_258,0.10841434437280711
314,7891071_133943_emenda_jus.txt_259,0.0
315,7891071_133943_emenda_jus.txt_278,0.1015914275333112
316,7891071_133943_emenda_jus.txt_280,0.10061371181186438
317,7891071_133943_emenda_jus.txt_282,0.11940960422166724
318,7891071_133943_emenda_jus.txt_285,0.10466412768477736
319,7891071_133943_emenda_jus.txt_286,0.12019561100489551
320,7891071_133943_emenda_jus.txt_287,0.12633034810444724
321,7891071_133943_emenda_jus.txt_288,0.10040761706261753
322,7891071_133943_emenda_jus.txt_289,0.10018508842214605
323,7891071_133943_emenda_jus.txt_291,0.10184927055040346
324,7891071_133943_emenda_jus.txt_309,0.0
325,7891071_133943_emenda_jus.txt_311,0.11535126863099068
326,7891071_133943_emenda_jus.txt_312,0.09720370890666041
327,7891071_133943_emenda_jus.txt_316,0.13445507833062184
328,7891071_133943_emenda_jus.txt_319,0.09731433515703751
329,7891071_133943_emenda_jus.txt_320,0.0995123072609031
330,7891071_133943_emenda_jus.txt_338,0.10581665743796104
331,7891071_133943_emenda_jus.txt_345,0.12458100075178612
332,7891071_133943_emenda_jus.txt_347,0.10918337526523796
333,7891071_133943_emenda_jus.txt_348,0.12521642328140234
334,7891071_133943_emenda_jus.txt_349,0.12005085412184842
335,7891071_133943_emenda_jus.txt_350,0.10620727454677015
336,7891071_133943_emenda_jus.txt_351,0.10590032284337852
337,7891071_133943_emenda_jus.txt_352,0.11106771718630963
338,7891071_133943_emenda_jus.txt_353,0.09765548746450577
339,7891071_133943_emenda_jus.txt_355,0.11050035496510702
340,7886929_133943_emenda_jus.txt_0,0.11901682215815997
341,7886929_133943_emenda_jus.txt_10,0.10424123981771789
342,7886929_133943_emenda_jus.txt_11,0.12703985325411418
343,7886929_133943_emenda_jus.txt_15,0.10115818090126151
344,7886929_133943_emenda_jus.txt_16,0.10472293132559443
345,7886929_133943_emenda_jus.txt_17,0.1393320429973156
346,7886929_133943_emenda_jus.txt_25,0.11143702140011262
347,7886929_133943_emenda_jus.txt_32,0.11731310765667442
348,7886929_133943_emenda_jus.txt_36,0.10009750988728619
349,7886929_133943_emenda_jus.txt_37,0.12145574889960728
350,7886929_133943_emenda_jus.txt_39,0.1061255977244474
351,7886929_133943_emenda_jus.txt_40,0.11308236645016226
352,7886929_133943_emenda_jus.txt_43,0.11200074780648149
353,7886929_133943_emenda_jus.txt_44,0.12059081497762178
354,7886929_133943_emenda_jus.txt_46,0.10719250534031648
355,7886929_133943_emenda_jus.txt_47,0.09200540510098701
356,7886929_133943_emenda_jus.txt_48,0.09775623745330538
357,7886929_133943_emenda_jus.txt_49,0.10778413158290677
358,7886929_133943_emenda_jus.txt_55,0.10152139499108528
359,7886929_133943_emenda_jus.txt_58,0.09968093723432894
360,7886929_133943_emenda_jus.txt_59,0.10576017536009977
361,7886929_133943_emenda_jus.txt_85,0.1301834707217326
362,7886929_133943_emenda_jus.txt_97,0.1036834925225813
363,7886929_133943_emenda_jus.txt_101,0.11591616143917358
364,7886929_133943_emenda_jus.txt_102,0.11269081240544701
365,7886929_133943_emenda_jus.txt_103,0.09228361262923289
366,7886929_133943_emenda_jus.txt_105,0.1121737580366571
367,7886929_133943_emenda_jus.txt_115,0.10544336955507976
368,7886929_133943_emenda_jus.txt_118,0.09970509820555104
369,7886929_133943_emenda_jus.txt_125,0.11571731815407513
370,7886929_133943_emenda_jus.txt_128,0.10553066119304752
371,7886929_133943_emenda_jus.txt_137,0.09975071831357359
372,7886929_133943_emenda_jus.txt_138,0.12998018179346346
373,7886929_133943_emenda_jus.txt_150,0.0971420096279761
374,7886929_133943_emenda_jus.txt_151,0.10586146463845497
375,7886929_133943_emenda_jus.txt_159,0.11147589672870961
376,7886929_133943_emenda_jus.txt_160,0.11520323769173392
377,7886929_133943_emenda_jus.txt_162,0.09533318722746346
378,7886929_133943_emenda_jus.txt_163,0.10178167463879803
379,7886929_133943_emenda_jus.txt_171,0.12072848842752569
380,7886929_133943_emenda_jus.txt_172,0.10622050238619576
381,7886929_133943_emenda_jus.txt_173,0.1132244814533027
382,7886929_133943_emenda_jus.txt_174,0.09871324078051742
383,7886929_133943_emenda_jus.txt_175,0.11678566348383639
384,7886929_133943_emenda_jus.txt_176,0.1078167465483569
385,7886929_133943_emenda_jus.txt_188,0.09515108769947127
386,7886929_133943_emenda_jus.txt_200,0.09866440120099694
387,7886929_133943_emenda_jus.txt_204,0.1306225477076291
388,7886929_133943_emenda_jus.txt_205,0.09883403671544323
389,7886929_133943_emenda_jus.txt_210,0.11227735284698691
390,7886929_133943_emenda_jus.txt_212,0.09804349667716791
391,7886929_133943_emenda_jus.txt_213,0.1065562056739865
392,7886929_133943_emenda_jus.txt_215,0.10808542174080725
393,7886929_133943_emenda_jus.txt_217,0.11447423512159655
394,7886929_133943_emenda_jus.txt_218,0.1111589465622351
395,7886929_133943_emenda_jus.txt_248,0.09618231231496858
396,7886929_133943_emenda_jus.txt_249,0.1237409687005162
397,7886929_133943_emenda_jus.txt_257,0.10584531383624245
398,7886929_133943_emenda_jus.txt_258,0.11834651467496543
399,7886929_133943_emenda_jus.txt_259,0.0
400,7886929_133943_emenda_jus.txt_278,0.09778696167257793
401,7886929_133943_emenda_jus.txt_280,0.09865584307252766
402,7886929_133943_emenda_jus.txt_282,0.11876957307042625
403,7886929_133943_emenda_jus.txt_285,0.10329569272376739
404,7886929_133943_emenda_jus.txt_286,0.12144425493216279
405,7886929_133943_emenda_jus.txt_287,0.1273551590242904
406,7886929_133943_emenda_jus.txt_288,0.09419150786229104
407,7886929_133943_emenda_jus.txt_289,0.10590773007380858
408,7886929_133943_emenda_jus.txt_291,0.10049996433725933
409,7886929_133943_emenda_jus.txt_309,0.0
410,7886929_133943_emenda_jus.txt_311,0.11470188020120416
411,7886929_133943_emenda_jus.txt_312,0.09751068780557563
412,7886929_133943_emenda_jus.txt_316,0.13882474552241678
413,7886929_133943_emenda_jus.txt_319,0.09560935035576057
414,7886929_133943_emenda_jus.txt_320,0.09683123989764539
415,7886929_133943_emenda_jus.txt_338,0.11178026776706193
416,7886929_133943_emenda_jus.txt_345,0.12425158533282864
417,7886929_133943_emenda_jus.txt_347,0.10600459286697218
418,7886929_133943_emenda_jus.txt_348,0.1265397776445131
419,7886929_133943_emenda_jus.txt_349,0.11682941583583634
420,7886929_133943_emenda_jus.txt_350,0.10486476472759686
421,7886929_133943_emenda_jus.txt_351,0.10432787578131995
422,7886929_133943_emenda_jus.txt_352,0.11690973401548388
423,7886929_133943_emenda_jus.txt_353,0.09458691613442279
424,7886929_133943_emenda_jus.txt_355,0.10776905161784146
425,7886952_133943_emenda_jus.txt_0,0.11899834591395059
426,7886952_133943_emenda_jus.txt_10,0.10466900475127831
427,7886952_133943_emenda_jus.txt_11,0.1270686473715994
428,7886952_133943_emenda_jus.txt_15,0.10101156881423973
429,7886952_133943_emenda_jus.txt_16,0.10468362383375619
430,7886952_133943_emenda_jus.txt_17,0.13895308477244675
431,7886952_133943_emenda_jus.txt_25,0.1117535523516869
432,7886952_133943_emenda_jus.txt_32,0.11753222601493803
433,7886952_133943_emenda_jus.txt_36,0.10035003862260775
434,7886952_133943_emenda_jus.txt_37,0.12081805387826906
435,7886952_133943_emenda_jus.txt_39,0.10662118961734639
436,7886952_133943_emenda_jus.txt_40,0.11318921770889874
437,7886952_133943_emenda_jus.txt_43,0.11214223624570022
438,7886952_133943_emenda_jus.txt_44,0.11956461487110322
439,7886952_133943_emenda_jus.txt_46,0.10781280203393608
440,7886952_133943_emenda_jus.txt_47,0.09236810098480631
441,7886952_133943_emenda_jus.txt_48,0.0983320894917421
442,7886952_133943_emenda_jus.txt_49,0.10778389877880128
443,7886952_133943_emenda_jus.txt_55,0.10179003454910149
444,7886952_133943_emenda_jus.txt_58,0.09974640896797031
445,7886952_133943_emenda_jus.txt_59,0.10594953866938656
446,7886952_133943_emenda_jus.txt_85,0.13230178271253407
447,7886952_133943_emenda_jus.txt_97,0.10399976248477819
448,7886952_133943_emenda_jus.txt_101,0.11662468321338729
449,7886952_133943_emenda_jus.txt_102,0.1129693148562947
450,7886952_133943_emenda_jus.txt_103,0.09243310055863074
451,7886952_133943_emenda_jus.txt_105,0.11253990939952738
452,7886952_133943_emenda_jus.txt_115,0.10581357097407275
453,7886952_133943_emenda_jus.txt_118,0.09967948138910052
454,7886952_133943_emenda_jus.txt_125,0.11553319534245918
455,7886952_133943_emenda_jus.txt_128,0.10594011181013882
456,7886952_133943_emenda_jus.txt_137,0.09949352976850781
457,7886952_133943_emenda_jus.txt_138,0.12987180233822468
458,7886952_133943_emenda_jus.txt_150,0.09709490743458923
459,7886952_133943_emenda_jus.txt_151,0.1056742541343381
460,7886952_133943_emenda_jus.txt_159,0.11140859104096855
461,7886952_133943_emenda_jus.txt_160,0.11526924597859502
462,7886952_133943_emenda_jus.txt_162,0.09570439903217118
463,7886952_133943_emenda_jus.txt_163,0.10095810579541996
464,7886952_133943_emenda_jus.txt_171,0.11996964355538929
465,7886952_133943_emenda_jus.txt_172,0.10555146822228748
466,7886952_133943_emenda_jus.txt_173,0.11225828661709797
467,7886952_133943_emenda_jus.txt_174,0.09898121040210119
468,7886952_133943_emenda_jus.txt_175,0.11616661171921844
469,7886952_133943_emenda_jus.txt_176,0.10827011409719405
470,7886952_133943_emenda_jus.txt_188,0.09468405314403446
471,7886952_133943_emenda_jus.txt_200,0.09892348222684991
472,7886952_133943_emenda_jus.txt_204,0.1297133346222173
473,7886952_133943_emenda_jus.txt_205,0.09778467979684653
474,7886952_133943_emenda_jus.txt_210,0.11120206156084089
475,7886952_133943_emenda_jus.txt_212,0.09879479681210492
476,7886952_133943_emenda_jus.txt_213,0.10666797045611524
477,7886952_133943_emenda_jus.txt_215,0.1081077575839693
478,7886952_133943_emenda_jus.txt_217,0.11430348116507368
479,7886952_133943_emenda_jus.txt_218,0.1111202051076433
480,7886952_133943_emenda_jus.txt_248,0.09640553861296632
481,7886952_133943_emenda_jus.txt_249,0.12382751604188653
482,7886952_133943_emenda_jus.txt_257,0.1070973157347215
483,7886952_133943_emenda_jus.txt_258,0.11677339564754313
484,7886952_133943_emenda_jus.txt_259,0.0
485,7886952_133943_emenda_jus.txt_278,0.09796387007447442
486,7886952_133943_emenda_jus.txt_280,0.09870025031775169
487,7886952_133943_emenda_jus.txt_282,0.11859427442169702
488,7886952_133943_emenda_jus.txt_285,0.10307100279135258
489,7886952_133943_emenda_jus.txt_286,0.12102869887542526
490,7886952_133943_emenda_jus.txt_287,0.12765144194227324
491,7886952_133943_emenda_jus.txt_288,0.09400480974969302
492,7886952_133943_emenda_jus.txt_289,0.10539637844545893
493,7886952_133943_emenda_jus.txt_291,0.0998967140198848
494,7886952_133943_emenda_jus.txt_309,0.0
495,7886952_133943_emenda_jus.txt_311,0.11492896270387414
496,7886952_133943_emenda_jus.txt_312,0.09801878116518688
497,7886952_133943_emenda_jus.txt_316,0.13860950357828208
498,7886952_133943_emenda_jus.txt_319,0.09575775859961286
499,7886952_133943_emenda_jus.txt_320,0.09697019739744002
500,7886952_133943_emenda_jus.txt_338,0.1112710338908726
501,7886952_133943_emenda_jus.txt_345,0.12451699349207292
502,7886952_133943_emenda_jus.txt_347,0.10614428306150772
503,7886952_133943_emenda_jus.txt_348,0.12723141389296788
504,7886952_133943_emenda_jus.txt_349,0.11718126091437266
505,7886952_133943_emenda_jus.txt_350,0.10387336001132576
506,7886952_133943_emenda_jus.txt_351,0.10516975697127873
507,7886952_133943_emenda_jus.txt_352,0.11629491668554413
508,7886952_133943_emenda_jus.txt_353,0.0949362475296846
509,7886952_133943_emenda_jus.txt_355,0.10807283166436464
510,7890799_133943_emenda_jus.txt_0,0.11526367616220301
511,7890799_133943_emenda_jus.txt_10,0.10433149328227354
512,7890799_133943_emenda_jus.txt_11,0.12493856093676628
513,7890799_133943_emenda_jus.txt_15,0.10184544315086647
514,7890799_133943_emenda_jus.txt_16,0.10429085342981503
515,7890799_133943_emenda_jus.txt_17,0.13548453576957312
516,7890799_133943_emenda_jus.txt_25,0.11204061941213798
517,7890799_133943_emenda_jus.txt_32,0.11383049861718585
518,7890799_133943_emenda_jus.txt_36,0.10027859830036422
519,7890799_133943_emenda_jus.txt_37,0.11974976610964436
520,7890799_133943_emenda_jus.txt_39,0.10515297411916517
521,7890799_133943_emenda_jus.txt_40,0.11225849493706873
522,7890799_133943_emenda_jus.txt_43,0.11193802227151542
523,7890799_133943_emenda_jus.txt_44,0.11978913888573572
524,7890799_133943_emenda_jus.txt_46,0.10916312973243937
525,7890799_133943_emenda_jus.txt_47,0.09311205955827466
526,7890799_133943_emenda_jus.txt_48,0.10048066632610934
527,7890799_133943_emenda_jus.txt_49,0.10644708387824753
528,7890799_133943_emenda_jus.txt_55,0.10204308351908724
529,7890799_133943_emenda_jus.txt_58,0.10040134745911634
530,7890799_133943_emenda_jus.txt_59,0.10571256256169828
531,7890799_133943_emenda_jus.txt_85,0.12890306472275018
532,7890799_133943_emenda_jus.txt_97,0.10606587767986138
533,7890799_133943_emenda_jus.txt_101,0.11241586287877943
534,7890799_133943_emenda_jus.txt_102,0.11117812918637274
535,7890799_133943_emenda_jus.txt_103,0.09329737045632083
536,7890799_133943_emenda_jus.txt_105,0.1120234691287322
537,7890799_133943_emenda_jus.txt_115,0.10555162823982782
538,7890799_133943_emenda_jus.txt_118,0.09981120608290894
539,7890799_133943_emenda_jus.txt_125,0.11626567532429612
540,7890799_133943_emenda_jus.txt_128,0.10445700646418804
541,7890799_133943_emenda_jus.txt_137,0.10097943879172128
542,7890799_133943_emenda_jus.txt_138,0.12852784025381925
543,7890799_133943_emenda_jus.txt_150,0.0982116146261851
544,7890799_133943_emenda_jus.txt_151,0.10722546426522643
545,7890799_133943_emenda_jus.txt_159,0.1118742473662131
546,7890799_133943_emenda_jus.txt_160,0.11592123091798513
547,7890799_133943_emenda_jus.txt_162,0.09894189392160244
548,7890799_133943_emenda_jus.txt_163,0.10279214856228967
549,7890799_133943_emenda_jus.txt_171,0.12016830318823654
550,7890799_133943_emenda_jus.txt_172,0.10818938337560462
551,7890799_133943_emenda_jus.txt_173,0.11339667824746771
552,7890799_133943_emenda_jus.txt_174,0.09971059998846146
553,7890799_133943_emenda_jus.txt_175,0.11454080508437489
554,7890799_133943_emenda_jus.txt_176,0.10960460113037977
555,7890799_133943_emenda_jus.txt_188,0.09876661566029783
556,7890799_133943_emenda_jus.txt_200,0.09916606376363427
557,7890799_133943_emenda_jus.txt_204,0.1305495367172685
558,7890799_133943_emenda_jus.txt_205,0.10118515978468222
559,7890799_133943_emenda_jus.txt_210,0.11365919256453541
560,7890799_133943_emenda_jus.txt_212,0.10114751656988875
561,7890799_133943_emenda_jus.txt_213,0.10631027807888281
562,7890799_133943_emenda_jus.txt_215,0.11018399607148739
563,7890799_133943_emenda_jus.txt_217,0.1142182813787578
564,7890799_133943_emenda_jus.txt_218,0.10953522312819729
565,7890799_133943_emenda_jus.txt_248,0.09697555560419177
566,7890799_133943_emenda_jus.txt_249,0.12215685311793349
567,7890799_133943_emenda_jus.txt_257,0.10759363368493594
568,7890799_133943_emenda_jus.txt_258,0.12054712250757511
569,7890799_133943_emenda_jus.txt_259,0.0
570,7890799_133943_emenda_jus.txt_278,0.10093609844703508
571,7890799_133943_emenda_jus.txt_280,0.09904477907351444
572,7890799_133943_emenda_jus.txt_282,0.11637135835742071
573,7890799_133943_emenda_jus.txt_285,0.10386894944499767
574,7890799_133943_emenda_jus.txt_286,0.12028379779520615
575,7890799_133943_emenda_jus.txt_287,0.12523995804612065
576,7890799_133943_emenda_jus.txt_288,0.10201037242102488
577,7890799_133943_emenda_jus.txt_289,0.10635072741632962
578,7890799_133943_emenda_jus.txt_291,0.10338411655862396
579,7890799_133943_emenda_jus.txt_309,0.0
580,7890799_133943_emenda_jus.txt_311,0.11551696115823255
581,7890799_133943_emenda_jus.txt_312,0.09848544755175978
582,7890799_133943_emenda_jus.txt_316,0.13559852710894404
583,7890799_133943_emenda_jus.txt_319,0.09516648161740478
584,7890799_133943_emenda_jus.txt_320,0.09806398098928681
585,7890799_133943_emenda_jus.txt_338,0.11234415680043112
586,7890799_133943_emenda_jus.txt_345,0.12272641686332722
587,7890799_133943_emenda_jus.txt_347,0.1050411847181303
588,7890799_133943_emenda_jus.txt_348,0.12116462718053952
589,7890799_133943_emenda_jus.txt_349,0.11599746793721065
590,7890799_133943_emenda_jus.txt_350,0.10700923899866331
591,7890799_133943_emenda_jus.txt_351,0.10266530484671114
592,7890799_133943_emenda_jus.txt_352,0.11651585463885988
593,7890799_133943_emenda_jus.txt_353,0.0948323708079893
594,7890799_133943_emenda_jus.txt_355,0.10604497927676945
595,7887193_133943_emenda_jus.txt_0,0.11547790899459828
596,7887193_133943_emenda_jus.txt_10,0.10449638019754556
597,7887193_133943_emenda_jus.txt_11,0.12610133077942354
598,7887193_133943_emenda_jus.txt_15,0.10282752909908406
599,7887193_133943_emenda_jus.txt_16,0.10310690920563732
600,7887193_133943_emenda_jus.txt_17,0.1369683605482159
601,7887193_133943_emenda_jus.txt_25,0.11427165721141977
602,7887193_133943_emenda_jus.txt_32,0.11729731328319445
603,7887193_133943_emenda_jus.txt_36,0.10116612074993489
604,7887193_133943_emenda_jus.txt_37,0.12016187040784461
605,7887193_133943_emenda_jus.txt_39,0.10691546839837132
606,7887193_133943_emenda_jus.txt_40,0.11467719651743116
607,7887193_133943_emenda_jus.txt_43,0.11164087586577813
608,7887193_133943_emenda_jus.txt_44,0.11630906767153763
609,7887193_133943_emenda_jus.txt_46,0.10949633237442749
610,7887193_133943_emenda_jus.txt_47,0.0953441764638082
611,7887193_133943_emenda_jus.txt_48,0.101201583933013
612,7887193_133943_emenda_jus.txt_49,0.10773470966190057
613,7887193_133943_emenda_jus.txt_55,0.1037103555738382
614,7887193_133943_emenda_jus.txt_58,0.1007908651151854
615,7887193_133943_emenda_jus.txt_59,0.10712880042172918
616,7887193_133943_emenda_jus.txt_85,0.13300896343511556
617,7887193_133943_emenda_jus.txt_97,0.10625196225487604
618,7887193_133943_emenda_jus.txt_101,0.11787533921849401
619,7887193_133943_emenda_jus.txt_102,0.11407350837733664
620,7887193_133943_emenda_jus.txt_103,0.09419112920688405
621,7887193_133943_emenda_jus.txt_105,0.11534563100661754
622,7887193_133943_emenda_jus.txt_115,0.10650562350054757
623,7887193_133943_emenda_jus.txt_118,0.10176698189419112
624,7887193_133943_emenda_jus.txt_125,0.11386797674153566
625,7887193_133943_emenda_jus.txt_128,0.10657193500622167
626,7887193_133943_emenda_jus.txt_137,0.10016260393016546
627,7887193_133943_emenda_jus.txt_138,0.13003657773088725
628,7887193_133943_emenda_jus.txt_150,0.09888881546307045
629,7887193_133943_emenda_jus.txt_151,0.10588497698011565
630,7887193_133943_emenda_jus.txt_159,0.11388136842003568
631,7887193_133943_emenda_jus.txt_160,0.1137448443885082
632,7887193_133943_emenda_jus.txt_162,0.10068215990256012
633,7887193_133943_emenda_jus.txt_163,0.10249216698118481
634,7887193_133943_emenda_jus.txt_171,0.11879232800631104
635,7887193_133943_emenda_jus.txt_172,0.10580302613833144
636,7887193_133943_emenda_jus.txt_173,0.101279145796125
637,7887193_133943_emenda_jus.txt_174,0.10015758076993585
638,7887193_133943_emenda_jus.txt_175,0.11158254987461379
639,7887193_133943_emenda_jus.txt_176,0.11122901975999508
640,7887193_133943_emenda_jus.txt_188,0.0987295183587184
641,7887193_133943_emenda_jus.txt_200,0.10033466153217711
642,7887193_133943_emenda_jus.txt_204,0.12906334933575148
643,7887193_133943_emenda_jus.txt_205,0.0987822122134346
644,7887193_133943_emenda_jus.txt_210,0.1114331886605939
645,7887193_133943_emenda_jus.txt_212,0.10142467550040224
646,7887193_133943_emenda_jus.txt_213,0.10770562074914786
647,7887193_133943_emenda_jus.txt_215,0.10806691006402375
648,7887193_133943_emenda_jus.txt_217,0.11416131644495302
649,7887193_133943_emenda_jus.txt_218,0.11068256938702686
650,7887193_133943_emenda_jus.txt_248,0.09747682178094753
651,7887193_133943_emenda_jus.txt_249,0.12329177842707939
652,7887193_133943_emenda_jus.txt_257,0.10798732188865963
653,7887193_133943_emenda_jus.txt_258,0.09576885228221378
654,7887193_133943_emenda_jus.txt_259,0.0
655,7887193_133943_emenda_jus.txt_278,0.10099005207460353
656,7887193_133943_emenda_jus.txt_280,0.10087576033953936
657,7887193_133943_emenda_jus.txt_282,0.11653406837029402
658,7887193_133943_emenda_jus.txt_285,0.10537441633105636
659,7887193_133943_emenda_jus.txt_286,0.12161140057941734
660,7887193_133943_emenda_jus.txt_287,0.12605096631943083
661,7887193_133943_emenda_jus.txt_288,0.10119559184568562
662,7887193_133943_emenda_jus.txt_289,0.10302488787386625
663,7887193_133943_emenda_jus.txt_291,0.10294234069357085
664,7887193_133943_emenda_jus.txt_309,0.0
665,7887193_133943_emenda_jus.txt_311,0.11536128232017694
666,7887193_133943_emenda_jus.txt_312,0.09918456810617629
667,7887193_133943_emenda_jus.txt_316,0.13409400960587173
668,7887193_133943_emenda_jus.txt_319,0.09771548224181761
669,7887193_133943_emenda_jus.txt_320,0.0990606864282776
670,7887193_133943_emenda_jus.txt_338,0.10850118728616574
671,7887193_133943_emenda_jus.txt_345,0.12603964501458037
672,7887193_133943_emenda_jus.txt_347,0.10805818867985548
673,7887193_133943_emenda_jus.txt_348,0.1252802072172006
674,7887193_133943_emenda_jus.txt_349,0.11925617883350058
675,7887193_133943_emenda_jus.txt_350,0.10462493891635624
676,7887193_133943_emenda_jus.txt_351,0.10397873278552593
677,7887193_133943_emenda_jus.txt_352,0.10425545625512084
678,7887193_133943_emenda_jus.txt_353,0.09567269214007043
679,7887193_133943_emenda_jus.txt_355,0.10847631840006974
680,7887499_133943_emenda_jus.txt_0,0.11579768745768697
681,7887499_133943_emenda_jus.txt_10,0.10449956394857025
682,7887499_133943_emenda_jus.txt_11,0.12639738542906184
683,7887499_133943_emenda_jus.txt_15,0.10270756583306792
684,7887499_133943_emenda_jus.txt_16,0.10335647316097576
685,7887499_133943_emenda_jus.txt_17,0.13712069455745868
686,7887499_133943_emenda_jus.txt_25,0.11411032730082946
687,7887499_133943_emenda_jus.txt_32,0.11737226678806191
688,7887499_133943_emenda_jus.txt_36,0.10104338919510475
689,7887499_133943_emenda_jus.txt_37,0.12053525322577241
690,7887499_133943_emenda_jus.txt_39,0.10681566958565973
691,7887499_133943_emenda_jus.txt_40,0.1147491817084451
692,7887499_133943_emenda_jus.txt_43,0.11168925571928387
693,7887499_133943_emenda_jus.txt_44,0.11644486839424488
694,7887499_133943_emenda_jus.txt_46,0.10935522911230106
695,7887499_133943_emenda_jus.txt_47,0.09522893425686052
696,7887499_133943_emenda_jus.txt_48,0.1011902831601627
697,7887499_133943_emenda_jus.txt_49,0.10770971710831971
698,7887499_133943_emenda_jus.txt_55,0.10368493857633929
699,7887499_133943_emenda_jus.txt_58,0.10061723842230451
700,7887499_133943_emenda_jus.txt_59,0.10716473398198297
701,7887499_133943_emenda_jus.txt_85,0.1330623556660252
702,7887499_133943_emenda_jus.txt_97,0.1060809487292057
703,7887499_133943_emenda_jus.txt_101,0.1180541597550681
704,7887499_133943_emenda_jus.txt_102,0.11408035303009838
705,7887499_133943_emenda_jus.txt_103,0.09419367322276923
706,7887499_133943_emenda_jus.txt_105,0.11537902288555077
707,7887499_133943_emenda_jus.txt_115,0.1063693921129701
708,7887499_133943_emenda_jus.txt_118,0.10164173838402947
709,7887499_133943_emenda_jus.txt_125,0.1137454905968366
710,7887499_133943_emenda_jus.txt_128,0.10658314212657968
711,7887499_133943_emenda_jus.txt_137,0.09996661955845106
712,7887499_133943_emenda_jus.txt_138,0.13022674506674706
713,7887499_133943_emenda_jus.txt_150,0.09884707025390599
714,7887499_133943_emenda_jus.txt_151,0.10585278166075864
715,7887499_133943_emenda_jus.txt_159,0.11409557392800423
716,7887499_133943_emenda_jus.txt_160,0.11377299041764395
717,7887499_133943_emenda_jus.txt_162,0.10060716003089248
718,7887499_133943_emenda_jus.txt_163,0.10237153719748197
719,7887499_133943_emenda_jus.txt_171,0.11877798626927748
720,7887499_133943_emenda_jus.txt_172,0.10575854532680462
721,7887499_133943_emenda_jus.txt_173,0.1009515858642026
722,7887499_133943_emenda_jus.txt_174,0.10010731462150084
723,7887499_133943_emenda_jus.txt_175,0.11152745418041346
724,7887499_133943_emenda_jus.txt_176,0.11114743329390651
725,7887499_133943_emenda_jus.txt_188,0.09865810375383531
726,7887499_133943_emenda_jus.txt_200,0.1002990293816167
727,7887499_133943_emenda_jus.txt_204,0.12909023235748399
728,7887499_133943_emenda_jus.txt_205,0.09848603030355459
729,7887499_133943_emenda_jus.txt_210,0.11135676763881804
730,7887499_133943_emenda_jus.txt_212,0.10135413931111573
731,7887499_133943_emenda_jus.txt_213,0.1076723359044625
732,7887499_133943_emenda_jus.txt_215,0.10793297791049501
733,7887499_133943_emenda_jus.txt_217,0.11403226921394156
734,7887499_133943_emenda_jus.txt_218,0.11098942292420397
735,7887499_133943_emenda_jus.txt_248,0.09749409511096341
736,7887499_133943_emenda_jus.txt_249,0.12353994568125784
737,7887499_133943_emenda_jus.txt_257,0.10790615879677976
738,7887499_133943_emenda_jus.txt_258,0.09515526640155089
739,7887499_133943_emenda_jus.txt_259,0.0
740,7887499_133943_emenda_jus.txt_278,0.10090958232242343
741,7887499_133943_emenda_jus.txt_280,0.10071905170742745
742,7887499_133943_emenda_jus.txt_282,0.11684802895814458
743,7887499_133943_emenda_jus.txt_285,0.10534100784895759
744,7887499_133943_emenda_jus.txt_286,0.12175219676646003
745,7887499_133943_emenda_jus.txt_287,0.12616722972675903
746,7887499_133943_emenda_jus.txt_288,0.10104231119664553
747,7887499_133943_emenda_jus.txt_289,0.10292537565673103
748,7887499_133943_emenda_jus.txt_291,0.10277213960883833
749,7887499_133943_emenda_jus.txt_309,0.0
750,7887499_133943_emenda_jus.txt_311,0.11528524954537285
751,7887499_133943_emenda_jus.txt_312,0.09911142673132496
752,7887499_133943_emenda_jus.txt_316,0.13430447642559906
753,7887499_133943_emenda_jus.txt_319,0.0975655813263641
754,7887499_133943_emenda_jus.txt_320,0.09901951366545016
755,7887499_133943_emenda_jus.txt_338,0.10842700273689213
756,7887499_133943_emenda_jus.txt_345,0.12592498505412628
757,7887499_133943_emenda_jus.txt_347,0.10799900206098813
758,7887499_133943_emenda_jus.txt_348,0.12551919666657493
759,7887499_133943_emenda_jus.txt_349,0.11921445405721424
760,7887499_133943_emenda_jus.txt_350,0.10448116366585541
761,7887499_133943_emenda_jus.txt_351,0.10413526968724567
762,7887499_133943_emenda_jus.txt_352,0.10398952566502416
763,7887499_133943_emenda_jus.txt_353,0.09596241120196108
764,7887499_133943_emenda_jus.txt_355,0.10914260749971808
765,7891871_133943_emenda_jus.txt_0,0.11941258135411723
766,7891871_133943_emenda_jus.txt_10,0.10593678147914792
767,7891871_133943_emenda_jus.txt_11,0.12890414469247446
768,7891871_133943_emenda_jus.txt_15,0.10148375726999617
769,7891871_133943_emenda_jus.txt_16,0.10463361050098327
770,7891871_133943_emenda_jus.txt_17,0.13935189833122016
771,7891871_133943_emenda_jus.txt_25,0.11082135841404842
772,7891871_133943_emenda_jus.txt_32,0.11871522257641115
773,7891871_133943_emenda_jus.txt_36,0.09948558202375397
774,7891871_133943_emenda_jus.txt_37,0.12043411019771064
775,7891871_133943_emenda_jus.txt_39,0.10542306775360374
776,7891871_133943_emenda_jus.txt_40,0.11261814797514107
777,7891871_133943_emenda_jus.txt_43,0.11171453199084257
778,7891871_133943_emenda_jus.txt_44,0.11955296178231477
779,7891871_133943_emenda_jus.txt_46,0.10509708463015893
780,7891871_133943_emenda_jus.txt_47,0.09195814161663837
781,7891871_133943_emenda_jus.txt_48,0.0980236100726748
782,7891871_133943_emenda_jus.txt_49,0.10810101642461159
783,7891871_133943_emenda_jus.txt_55,0.10297289579586444
784,7891871_133943_emenda_jus.txt_58,0.09861564913825105
785,7891871_133943_emenda_jus.txt_59,0.10725847401408586
786,7891871_133943_emenda_jus.txt_85,0.1359087059956643
787,7891871_133943_emenda_jus.txt_97,0.10130085310924483
788,7891871_133943_emenda_jus.txt_101,0.11676346128338531
789,7891871_133943_emenda_jus.txt_102,0.11366864900536319
790,7891871_133943_emenda_jus.txt_103,0.09196709331337725
791,7891871_133943_emenda_jus.txt_105,0.11371038717088532
792,7891871_133943_emenda_jus.txt_115,0.10640913410810234
793,7891871_133943_emenda_jus.txt_118,0.09944808751494255
794,7891871_133943_emenda_jus.txt_125,0.11512454713854553
795,7891871_133943_emenda_jus.txt_128,0.10663773467758537
796,7891871_133943_emenda_jus.txt_137,0.09919012264596472
797,7891871_133943_emenda_jus.txt_138,0.13185945737762073
798,7891871_133943_emenda_jus.txt_150,0.09768383078838987
799,7891871_133943_emenda_jus.txt_151,0.10607165677495342
800,7891871_133943_emenda_jus.txt_159,0.11291730332486144
801,7891871_133943_emenda_jus.txt_160,0.11437642971773364
802,7891871_133943_emenda_jus.txt_162,0.0948066544101116
803,7891871_133943_emenda_jus.txt_163,0.10003298088487485
804,7891871_133943_emenda_jus.txt_171,0.11830077847777852
805,7891871_133943_emenda_jus.txt_172,0.10454154703400682
806,7891871_133943_emenda_jus.txt_173,0.11304736657196589
807,7891871_133943_emenda_jus.txt_174,0.099497329613432
808,7891871_133943_emenda_jus.txt_175,0.1156405065188509
809,7891871_133943_emenda_jus.txt_176,0.10711393741945972
810,7891871_133943_emenda_jus.txt_188,0.09460702750508469
811,7891871_133943_emenda_jus.txt_200,0.09963764835970657
812,7891871_133943_emenda_jus.txt_204,0.12962645622301258
813,7891871_133943_emenda_jus.txt_205,0.0943403756500811
814,7891871_133943_emenda_jus.txt_210,0.10860225006516513
815,7891871_133943_emenda_jus.txt_212,0.09694041810643808
816,7891871_133943_emenda_jus.txt_213,0.10777813620648657
817,7891871_133943_emenda_jus.txt_215,0.1093203857751605
818,7891871_133943_emenda_jus.txt_217,0.11602710927637107
819,7891871_133943_emenda_jus.txt_218,0.11251394589438203
820,7891871_133943_emenda_jus.txt_248,0.09749506591141271
821,7891871_133943_emenda_jus.txt_249,0.12561752850713612
822,7891871_133943_emenda_jus.txt_257,0.1038430974713085
823,7891871_133943_emenda_jus.txt_258,0.1189159454920775
824,7891871_133943_emenda_jus.txt_259,0.0
825,7891871_133943_emenda_jus.txt_278,0.09717475817899475
826,7891871_133943_emenda_jus.txt_280,0.0989457722213499
827,7891871_133943_emenda_jus.txt_282,0.12012175159376022
828,7891871_133943_emenda_jus.txt_285,0.1032131956818745
829,7891871_133943_emenda_jus.txt_286,0.11997887167960299
830,7891871_133943_emenda_jus.txt_287,0.12724355916423868
831,7891871_133943_emenda_jus.txt_288,0.08938985667664567
832,7891871_133943_emenda_jus.txt_289,0.10520693482765345
833,7891871_133943_emenda_jus.txt_291,0.09904247104427227
834,7891871_133943_emenda_jus.txt_309,0.0
835,7891871_133943_emenda_jus.txt_311,0.11455223024819094
836,7891871_133943_emenda_jus.txt_312,0.09728754998062841
837,7891871_133943_emenda_jus.txt_316,0.1391385836211752
838,7891871_133943_emenda_jus.txt_319,0.09465885051340506
839,7891871_133943_emenda_jus.txt_320,0.09784631137444547
840,7891871_133943_emenda_jus.txt_338,0.11108006694003834
841,7891871_133943_emenda_jus.txt_345,0.12521035527339433
842,7891871_133943_emenda_jus.txt_347,0.10781085113857025
843,7891871_133943_emenda_jus.txt_348,0.12628700121991415
844,7891871_133943_emenda_jus.txt_349,0.11737046511150996
845,7891871_133943_emenda_jus.txt_350,0.10079989342114458
846,7891871_133943_emenda_jus.txt_351,0.10493763920960326
847,7891871_133943_emenda_jus.txt_352,0.11767977738067244
848,7891871_133943_emenda_jus.txt_353,0.09583736139735707
849,7891871_133943_emenda_jus.txt_355,0.10936025396972342
850,7886918_133943_emenda_jus.txt_0,0.11840071445214653
851,7886918_133943_emenda_jus.txt_10,0.10462415945723669
852,7886918_133943_emenda_jus.txt_11,0.1265098632641982
853,7886918_133943_emenda_jus.txt_15,0.10137722807562498
854,7886918_133943_emenda_jus.txt_16,0.10432846841267727
855,7886918_133943_emenda_jus.txt_17,0.13824742831276104
856,7886918_133943_emenda_jus.txt_25,0.11201388208450173
857,7886918_133943_emenda_jus.txt_32,0.11721245815592374
858,7886918_133943_emenda_jus.txt_36,0.10039986091985775
859,7886918_133943_emenda_jus.txt_37,0.12037627123845553
860,7886918_133943_emenda_jus.txt_39,0.10640685649333219
861,7886918_133943_emenda_jus.txt_40,0.11335404778020293
862,7886918_133943_emenda_jus.txt_43,0.11200738808276282
863,7886918_133943_emenda_jus.txt_44,0.11899046011224687
864,7886918_133943_emenda_jus.txt_46,0.10774352132625062
865,7886918_133943_emenda_jus.txt_47,0.09280159719493739
866,7886918_133943_emenda_jus.txt_48,0.09801978525255116
867,7886918_133943_emenda_jus.txt_49,0.10804211156920394
868,7886918_133943_emenda_jus.txt_55,0.10208562213761627
869,7886918_133943_emenda_jus.txt_58,0.10017040265773727
870,7886918_133943_emenda_jus.txt_59,0.10631815333475252
871,7886918_133943_emenda_jus.txt_85,0.1324059893694926
872,7886918_133943_emenda_jus.txt_97,0.10406182437730667
873,7886918_133943_emenda_jus.txt_101,0.11656352281437266
874,7886918_133943_emenda_jus.txt_102,0.11270266709797443
875,7886918_133943_emenda_jus.txt_103,0.09276909293117566
876,7886918_133943_emenda_jus.txt_105,0.11274807768979993
877,7886918_133943_emenda_jus.txt_115,0.10598601468284223
878,7886918_133943_emenda_jus.txt_118,0.0999943325131711
879,7886918_133943_emenda_jus.txt_125,0.11544216132224482
880,7886918_133943_emenda_jus.txt_128,0.10576815367080916
881,7886918_133943_emenda_jus.txt_137,0.0997174609304413
882,7886918_133943_emenda_jus.txt_138,0.12999636293300307
883,7886918_133943_emenda_jus.txt_150,0.09736680845800183
884,7886918_133943_emenda_jus.txt_151,0.1058263398497944
885,7886918_133943_emenda_jus.txt_159,0.11173070308927015
886,7886918_133943_emenda_jus.txt_160,0.11516733170676322
887,7886918_133943_emenda_jus.txt_162,0.09577906555706485
888,7886918_133943_emenda_jus.txt_163,0.10142458517171386
889,7886918_133943_emenda_jus.txt_171,0.11996645520334123
890,7886918_133943_emenda_jus.txt_172,0.10608430925080949
891,7886918_133943_emenda_jus.txt_173,0.1127058526358635
892,7886918_133943_emenda_jus.txt_174,0.09923092284456361
893,7886918_133943_emenda_jus.txt_175,0.1159725054853643
894,7886918_133943_emenda_jus.txt_176,0.1089261736642045
895,7886918_133943_emenda_jus.txt_188,0.09532671730139017
896,7886918_133943_emenda_jus.txt_200,0.09912371805246853
897,7886918_133943_emenda_jus.txt_204,0.12972093626812645
898,7886918_133943_emenda_jus.txt_205,0.09839260047162603
899,7886918_133943_emenda_jus.txt_210,0.11138729357402917
900,7886918_133943_emenda_jus.txt_212,0.0986200757677714
901,7886918_133943_emenda_jus.txt_213,0.10688991871817145
902,7886918_133943_emenda_jus.txt_215,0.10826012958951939
903,7886918_133943_emenda_jus.txt_217,0.11441823010611435
904,7886918_133943_emenda_jus.txt_218,0.11067163534826763
905,7886918_133943_emenda_jus.txt_248,0.09631287170248441
906,7886918_133943_emenda_jus.txt_249,0.12344648479286592
907,7886918_133943_emenda_jus.txt_257,0.10685238078113193
908,7886918_133943_emenda_jus.txt_258,0.11670547781267762
909,7886918_133943_emenda_jus.txt_259,0.0
910,7886918_133943_emenda_jus.txt_278,0.09798240189229415
911,7886918_133943_emenda_jus.txt_280,0.09913960176273147
912,7886918_133943_emenda_jus.txt_282,0.11811311507534433
913,7886918_133943_emenda_jus.txt_285,0.10345291469699798
914,7886918_133943_emenda_jus.txt_286,0.12056981594284356
915,7886918_133943_emenda_jus.txt_287,0.12743894910499964
916,7886918_133943_emenda_jus.txt_288,0.09457292027452155
917,7886918_133943_emenda_jus.txt_289,0.10547343158228453
918,7886918_133943_emenda_jus.txt_291,0.10042999763144571
919,7886918_133943_emenda_jus.txt_309,0.0
920,7886918_133943_emenda_jus.txt_311,0.11462917257857337
921,7886918_133943_emenda_jus.txt_312,0.09809499892914467
922,7886918_133943_emenda_jus.txt_316,0.13771032053200938
923,7886918_133943_emenda_jus.txt_319,0.09586771510356311
924,7886918_133943_emenda_jus.txt_320,0.0972400586548807
925,7886918_133943_emenda_jus.txt_338,0.1114145741762993
926,7886918_133943_emenda_jus.txt_345,0.12456672759550293
927,7886918_133943_emenda_jus.txt_347,0.10629546090656727
928,7886918_133943_emenda_jus.txt_348,0.12617346684969952
929,7886918_133943_emenda_jus.txt_349,0.11735344826402039
930,7886918_133943_emenda_jus.txt_350,0.10426441764230335
931,7886918_133943_emenda_jus.txt_351,0.10487001055581709
932,7886918_133943_emenda_jus.txt_352,0.11628541519990282
933,7886918_133943_emenda_jus.txt_353,0.0946716408278734
934,7886918_133943_emenda_jus.txt_355,0.10749581010346268
935,7887199_133943_emenda_jus.txt_0,0.11834096090393398
936,7887199_133943_emenda_jus.txt_10,0.10575302471423319
937,7887199_133943_emenda_jus.txt_11,0.12855600547468599
938,7887199_133943_emenda_jus.txt_15,0.1008347587738104
939,7887199_133943_emenda_jus.txt_16,0.10386350956175766
940,7887199_133943_emenda_jus.txt_17,0.14008010267919155
941,7887199_133943_emenda_jus.txt_25,0.11084002277281552
942,7887199_133943_emenda_jus.txt_32,0.11752999295127302
943,7887199_133943_emenda_jus.txt_36,0.0954306548892072
944,7887199_133943_emenda_jus.txt_37,0.12091907355007604
945,7887199_133943_emenda_jus.txt_39,0.10385033609636919
946,7887199_133943_emenda_jus.txt_40,0.11290888485639372
947,7887199_133943_emenda_jus.txt_43,0.11031931612216615
948,7887199_133943_emenda_jus.txt_44,0.12177141344653955
949,7887199_133943_emenda_jus.txt_46,0.10220097500650988
950,7887199_133943_emenda_jus.txt_47,0.09267326293016186
951,7887199_133943_emenda_jus.txt_48,0.09840909416546997
952,7887199_133943_emenda_jus.txt_49,0.1078793784352623
953,7887199_133943_emenda_jus.txt_55,0.10315324353498567
954,7887199_133943_emenda_jus.txt_58,0.09524518651163572
955,7887199_133943_emenda_jus.txt_59,0.10749485756393777
956,7887199_133943_emenda_jus.txt_85,0.13544486778531947
957,7887199_133943_emenda_jus.txt_97,0.09845034114453285
958,7887199_133943_emenda_jus.txt_101,0.11626044652852033
959,7887199_133943_emenda_jus.txt_102,0.11215433049838139
960,7887199_133943_emenda_jus.txt_103,0.09027107317359115
961,7887199_133943_emenda_jus.txt_105,0.11235615079280784
962,7887199_133943_emenda_jus.txt_115,0.10574696599967545
963,7887199_133943_emenda_jus.txt_118,0.0991516666648227
964,7887199_133943_emenda_jus.txt_125,0.11484365246856679
965,7887199_133943_emenda_jus.txt_128,0.10506376845897963
966,7887199_133943_emenda_jus.txt_137,0.09963739673869466
967,7887199_133943_emenda_jus.txt_138,0.13221080509411973
968,7887199_133943_emenda_jus.txt_150,0.09808581022100957
969,7887199_133943_emenda_jus.txt_151,0.10513018441246073
970,7887199_133943_emenda_jus.txt_159,0.11252609718056315
971,7887199_133943_emenda_jus.txt_160,0.11468207804749439
972,7887199_133943_emenda_jus.txt_162,0.095921997902588
973,7887199_133943_emenda_jus.txt_163,0.10046278864520487
974,7887199_133943_emenda_jus.txt_171,0.12196878937805267
975,7887199_133943_emenda_jus.txt_172,0.10731199813232199
976,7887199_133943_emenda_jus.txt_173,0.1125636523471134
977,7887199_133943_emenda_jus.txt_174,0.10001079694530693
978,7887199_133943_emenda_jus.txt_175,0.11606777188336515
979,7887199_133943_emenda_jus.txt_176,0.10623166813869375
980,7887199_133943_emenda_jus.txt_188,0.09544615695269902
981,7887199_133943_emenda_jus.txt_200,0.09978544475135945
982,7887199_133943_emenda_jus.txt_204,0.1321788936286756
983,7887199_133943_emenda_jus.txt_205,0.09894695537471702
984,7887199_133943_emenda_jus.txt_210,0.11375755723810858
985,7887199_133943_emenda_jus.txt_212,0.09464439826668673
986,7887199_133943_emenda_jus.txt_213,0.10724876326714347
987,7887199_133943_emenda_jus.txt_215,0.11003283651981606
988,7887199_133943_emenda_jus.txt_217,0.116158869758733
989,7887199_133943_emenda_jus.txt_218,0.1123625379948142
990,7887199_133943_emenda_jus.txt_248,0.09692905864486369
991,7887199_133943_emenda_jus.txt_249,0.12536319881456906
992,7887199_133943_emenda_jus.txt_257,0.1008432413969519
993,7887199_133943_emenda_jus.txt_258,0.119483453563304
994,7887199_133943_emenda_jus.txt_259,0.0
995,7887199_133943_emenda_jus.txt_278,0.09845175511517464
996,7887199_133943_emenda_jus.txt_280,0.09825369689555152
997,7887199_133943_emenda_jus.txt_282,0.11988443600160986
998,7887199_133943_emenda_jus.txt_285,0.10326278663632842
999,7887199_133943_emenda_jus.txt_286,0.12193646931980166
1000,7887199_133943_emenda_jus.txt_287,0.12607785705782015
1001,7887199_133943_emenda_jus.txt_288,0.09869088393664877
1002,7887199_133943_emenda_jus.txt_289,0.10590701234526728
1003,7887199_133943_emenda_jus.txt_291,0.0992913336551128
1004,7887199_133943_emenda_jus.txt_309,0.0
1005,7887199_133943_emenda_jus.txt_311,0.11447168685585242
1006,7887199_133943_emenda_jus.txt_312,0.09448333214024535
1007,7887199_133943_emenda_jus.txt_316,0.13881296593879375
1008,7887199_133943_emenda_jus.txt_319,0.09422761195389513
1009,7887199_133943_emenda_jus.txt_320,0.09807691677913664
1010,7887199_133943_emenda_jus.txt_338,0.11211554511606674
1011,7887199_133943_emenda_jus.txt_345,0.12396238644277222
1012,7887199_133943_emenda_jus.txt_347,0.10770086975145914
1013,7887199_133943_emenda_jus.txt_348,0.12555828673338532
1014,7887199_133943_emenda_jus.txt_349,0.11744858239805687
1015,7887199_133943_emenda_jus.txt_350,0.10585850857708942
1016,7887199_133943_emenda_jus.txt_351,0.10411187733753847
1017,7887199_133943_emenda_jus.txt_352,0.11565067619827367
1018,7887199_133943_emenda_jus.txt_353,0.09486470951124203
1019,7887199_133943_emenda_jus.txt_355,0.10854839233954902
1020,7886936_133943_emenda_jus.txt_0,0.11668006717904232
1021,7886936_133943_emenda_jus.txt_10,0.10608211815518541
1022,7886936_133943_emenda_jus.txt_11,0.12702297305513513
1023,7886936_133943_emenda_jus.txt_15,0.09916324182011688
1024,7886936_133943_emenda_jus.txt_16,0.1043600134193906
1025,7886936_133943_emenda_jus.txt_17,0.13909728492639498
1026,7886936_133943_emenda_jus.txt_25,0.112727938544528
1027,7886936_133943_emenda_jus.txt_32,0.11633873822009955
1028,7886936_133943_emenda_jus.txt_36,0.10141237743249516
1029,7886936_133943_emenda_jus.txt_37,0.12172672540585969
1030,7886936_133943_emenda_jus.txt_39,0.10719482653610889
1031,7886936_133943_emenda_jus.txt_40,0.11354523075788449
1032,7886936_133943_emenda_jus.txt_43,0.11128764552915557
1033,7886936_133943_emenda_jus.txt_44,0.1222981520231368
1034,7886936_133943_emenda_jus.txt_46,0.11068161925804008
1035,7886936_133943_emenda_jus.txt_47,0.09102683532389173
1036,7886936_133943_emenda_jus.txt_48,0.10155572371467553
1037,7886936_133943_emenda_jus.txt_49,0.1038437411772423
1038,7886936_133943_emenda_jus.txt_55,0.10077479921909811
1039,7886936_133943_emenda_jus.txt_58,0.09818293028285553
1040,7886936_133943_emenda_jus.txt_59,0.1053803358407233
1041,7886936_133943_emenda_jus.txt_85,0.12845891618363467
1042,7886936_133943_emenda_jus.txt_97,0.10456930183831839
1043,7886936_133943_emenda_jus.txt_101,0.11281200514087757
1044,7886936_133943_emenda_jus.txt_102,0.1120457168469729
1045,7886936_133943_emenda_jus.txt_103,0.09181247005635165
1046,7886936_133943_emenda_jus.txt_105,0.11100602752479073
1047,7886936_133943_emenda_jus.txt_115,0.10328316877561207
1048,7886936_133943_emenda_jus.txt_118,0.09616883922855939
1049,7886936_133943_emenda_jus.txt_125,0.11670729238792185
1050,7886936_133943_emenda_jus.txt_128,0.1042773112700539
1051,7886936_133943_emenda_jus.txt_137,0.10023790023935636
1052,7886936_133943_emenda_jus.txt_138,0.12837033540549525
1053,7886936_133943_emenda_jus.txt_150,0.0946496158062979
1054,7886936_133943_emenda_jus.txt_151,0.10496470184214791
1055,7886936_133943_emenda_jus.txt_159,0.10908371400719155
1056,7886936_133943_emenda_jus.txt_160,0.11651379120559413
1057,7886936_133943_emenda_jus.txt_162,0.09687253041234459
1058,7886936_133943_emenda_jus.txt_163,0.10140747056109159
1059,7886936_133943_emenda_jus.txt_171,0.1210630307070373
1060,7886936_133943_emenda_jus.txt_172,0.10832505923563011
1061,7886936_133943_emenda_jus.txt_173,0.1135161917515728
1062,7886936_133943_emenda_jus.txt_174,0.09902108814352412
1063,7886936_133943_emenda_jus.txt_175,0.10796734088334609
1064,7886936_133943_emenda_jus.txt_176,0.1092808430662885
1065,7886936_133943_emenda_jus.txt_188,0.0952839868440544
1066,7886936_133943_emenda_jus.txt_200,0.09774350771462302
1067,7886936_133943_emenda_jus.txt_204,0.12942929945310183
1068,7886936_133943_emenda_jus.txt_205,0.09782574123266681
1069,7886936_133943_emenda_jus.txt_210,0.11455668154524326
1070,7886936_133943_emenda_jus.txt_212,0.10270637299881213
1071,7886936_133943_emenda_jus.txt_213,0.10358262998595999
1072,7886936_133943_emenda_jus.txt_215,0.11035201518041435
1073,7886936_133943_emenda_jus.txt_217,0.11685259719791564
1074,7886936_133943_emenda_jus.txt_218,0.11273117878249164
1075,7886936_133943_emenda_jus.txt_248,0.09770054399561064
1076,7886936_133943_emenda_jus.txt_249,0.12391622068015912
1077,7886936_133943_emenda_jus.txt_257,0.1087631954363801
1078,7886936_133943_emenda_jus.txt_258,0.12324023210587874
1079,7886936_133943_emenda_jus.txt_259,0.0
1080,7886936_133943_emenda_jus.txt_278,0.09801644498774544
1081,7886936_133943_emenda_jus.txt_280,0.09528398134775208
1082,7886936_133943_emenda_jus.txt_282,0.11922481241137521
1083,7886936_133943_emenda_jus.txt_285,0.10178692794764797
1084,7886936_133943_emenda_jus.txt_286,0.12320224203075128
1085,7886936_133943_emenda_jus.txt_287,0.12594082691220024
1086,7886936_133943_emenda_jus.txt_288,0.10442812538162922
1087,7886936_133943_emenda_jus.txt_289,0.10472070586348023
1088,7886936_133943_emenda_jus.txt_291,0.1032538436636672
1089,7886936_133943_emenda_jus.txt_309,0.0
1090,7886936_133943_emenda_jus.txt_311,0.11711080270104657
1091,7886936_133943_emenda_jus.txt_312,0.10070728224144099
1092,7886936_133943_emenda_jus.txt_316,0.13940000030798647
1093,7886936_133943_emenda_jus.txt_319,0.09144085124691927
1094,7886936_133943_emenda_jus.txt_320,0.0967672683423139
1095,7886936_133943_emenda_jus.txt_338,0.11172280675381695
1096,7886936_133943_emenda_jus.txt_345,0.11971349946888152
1097,7886936_133943_emenda_jus.txt_347,0.10846970529851462
1098,7886936_133943_emenda_jus.txt_348,0.12417777319959578
1099,7886936_133943_emenda_jus.txt_349,0.11504231661975381
1100,7886936_133943_emenda_jus.txt_350,0.10611816365263975
1101,7886936_133943_emenda_jus.txt_351,0.10100032980885933
1102,7886936_133943_emenda_jus.txt_352,0.11949660016395056
1103,7886936_133943_emenda_jus.txt_353,0.09535082229513568
1104,7886936_133943_emenda_jus.txt_355,0.10670558547064041
1105,7887481_133943_emenda_jus.txt_0,0.11757119014813011
1106,7887481_133943_emenda_jus.txt_10,0.1060370382907014
1107,7887481_133943_emenda_jus.txt_11,0.12907448036889713
1108,7887481_133943_emenda_jus.txt_15,0.10189992024224058
1109,7887481_133943_emenda_jus.txt_16,0.1021764295730446
1110,7887481_133943_emenda_jus.txt_17,0.14055855602235545
1111,7887481_133943_emenda_jus.txt_25,0.11048490152050926
1112,7887481_133943_emenda_jus.txt_32,0.11700793356018169
1113,7887481_133943_emenda_jus.txt_36,0.09423184807239265
1114,7887481_133943_emenda_jus.txt_37,0.12226328217566997
1115,7887481_133943_emenda_jus.txt_39,0.10328152964436581
1116,7887481_133943_emenda_jus.txt_40,0.11417420920748907
1117,7887481_133943_emenda_jus.txt_43,0.10926173937482067
1118,7887481_133943_emenda_jus.txt_44,0.12076968745064981
1119,7887481_133943_emenda_jus.txt_46,0.10019351901389388
1120,7887481_133943_emenda_jus.txt_47,0.09276289794497922
1121,7887481_133943_emenda_jus.txt_48,0.09754189869473616
1122,7887481_133943_emenda_jus.txt_49,0.10691499354994945
1123,7887481_133943_emenda_jus.txt_55,0.10354285156417875
1124,7887481_133943_emenda_jus.txt_58,0.0945124832511975
1125,7887481_133943_emenda_jus.txt_59,0.10756798493052251
1126,7887481_133943_emenda_jus.txt_85,0.13627439061236926
1127,7887481_133943_emenda_jus.txt_97,0.0967275905674771
1128,7887481_133943_emenda_jus.txt_101,0.11648310970376835
1129,7887481_133943_emenda_jus.txt_102,0.11206542830224743
1130,7887481_133943_emenda_jus.txt_103,0.09052103049126572
1131,7887481_133943_emenda_jus.txt_105,0.1123898366425099
1132,7887481_133943_emenda_jus.txt_115,0.10516374386185331
1133,7887481_133943_emenda_jus.txt_118,0.09969894162941317
1134,7887481_133943_emenda_jus.txt_125,0.11293059491587273
1135,7887481_133943_emenda_jus.txt_128,0.10531453333557532
1136,7887481_133943_emenda_jus.txt_137,0.0998267040832503
1137,7887481_133943_emenda_jus.txt_138,0.13360885198354638
1138,7887481_133943_emenda_jus.txt_150,0.09898967061795165
1139,7887481_133943_emenda_jus.txt_151,0.10493675756022018
1140,7887481_133943_emenda_jus.txt_159,0.11419348976140076
1141,7887481_133943_emenda_jus.txt_160,0.11352518918449774
1142,7887481_133943_emenda_jus.txt_162,0.096096739176575
1143,7887481_133943_emenda_jus.txt_163,0.10398524736678395
1144,7887481_133943_emenda_jus.txt_171,0.12096237335915846
1145,7887481_133943_emenda_jus.txt_172,0.10657007564994236
1146,7887481_133943_emenda_jus.txt_173,0.11462917031262686
1147,7887481_133943_emenda_jus.txt_174,0.10030411813028042
1148,7887481_133943_emenda_jus.txt_175,0.11424301399594909
1149,7887481_133943_emenda_jus.txt_176,0.1103228573492355
1150,7887481_133943_emenda_jus.txt_188,0.09964069771282513
1151,7887481_133943_emenda_jus.txt_200,0.09995096563962473
1152,7887481_133943_emenda_jus.txt_204,0.13156691778862772
1153,7887481_133943_emenda_jus.txt_205,0.09887427574565578
1154,7887481_133943_emenda_jus.txt_210,0.11296299952997665
1155,7887481_133943_emenda_jus.txt_212,0.09238381622285914
1156,7887481_133943_emenda_jus.txt_213,0.10804122297347542
1157,7887481_133943_emenda_jus.txt_215,0.1093597665102375
1158,7887481_133943_emenda_jus.txt_217,0.11768162679987017
1159,7887481_133943_emenda_jus.txt_218,0.11281961227146414
1160,7887481_133943_emenda_jus.txt_248,0.09682982193524226
1161,7887481_133943_emenda_jus.txt_249,0.1256912382125715
1162,7887481_133943_emenda_jus.txt_257,0.09613651697743303
1163,7887481_133943_emenda_jus.txt_258,0.12095451168589302
1164,7887481_133943_emenda_jus.txt_259,0.0
1165,7887481_133943_emenda_jus.txt_278,0.09856462441759674
1166,7887481_133943_emenda_jus.txt_280,0.09898598764655611
1167,7887481_133943_emenda_jus.txt_282,0.12069329368497798
1168,7887481_133943_emenda_jus.txt_285,0.10501752990203024
1169,7887481_133943_emenda_jus.txt_286,0.12149399574970814
1170,7887481_133943_emenda_jus.txt_287,0.12589615939011123
1171,7887481_133943_emenda_jus.txt_288,0.09889915995275146
1172,7887481_133943_emenda_jus.txt_289,0.10558492557426179
1173,7887481_133943_emenda_jus.txt_291,0.10303924039497148
1174,7887481_133943_emenda_jus.txt_309,0.0
1175,7887481_133943_emenda_jus.txt_311,0.11320115025548316
1176,7887481_133943_emenda_jus.txt_312,0.09319902323954622
1177,7887481_133943_emenda_jus.txt_316,0.13833217536654963
1178,7887481_133943_emenda_jus.txt_319,0.09366169046463203
1179,7887481_133943_emenda_jus.txt_320,0.09864958041605178
1180,7887481_133943_emenda_jus.txt_338,0.11211181328740535
1181,7887481_133943_emenda_jus.txt_345,0.12271680191794872
1182,7887481_133943_emenda_jus.txt_347,0.10873716025633248
1183,7887481_133943_emenda_jus.txt_348,0.12433592255940656
1184,7887481_133943_emenda_jus.txt_349,0.11588751568203257
1185,7887481_133943_emenda_jus.txt_350,0.10493172062094253
1186,7887481_133943_emenda_jus.txt_351,0.10212037054585889
1187,7887481_133943_emenda_jus.txt_352,0.11699923308348532
1188,7887481_133943_emenda_jus.txt_353,0.09444568988839071
1189,7887481_133943_emenda_jus.txt_355,0.10879537687728724
1190,7886963_133943_emenda_jus.txt_0,0.11417982945867235
1191,7886963_133943_emenda_jus.txt_10,0.10565187732050729
1192,7886963_133943_emenda_jus.txt_11,0.12719146519208477
1193,7886963_133943_emenda_jus.txt_15,0.10241447184539004
1194,7886963_133943_emenda_jus.txt_16,0.10316527904633326
1195,7886963_133943_emenda_jus.txt_17,0.13881776935017293
1196,7886963_133943_emenda_jus.txt_25,0.11344646177847093
1197,7886963_133943_emenda_jus.txt_32,0.11471622582288672
1198,7886963_133943_emenda_jus.txt_36,0.10090970289733356
1199,7886963_133943_emenda_jus.txt_37,0.12216295467993067
1200,7886963_133943_emenda_jus.txt_39,0.10626056739152188
1201,7886963_133943_emenda_jus.txt_40,0.11442693903904252
1202,7886963_133943_emenda_jus.txt_43,0.11142576090660239
1203,7886963_133943_emenda_jus.txt_44,0.1222355444158995
1204,7886963_133943_emenda_jus.txt_46,0.11087612134805044
1205,7886963_133943_emenda_jus.txt_47,0.09053006694790867
1206,7886963_133943_emenda_jus.txt_48,0.10190636561889635
1207,7886963_133943_emenda_jus.txt_49,0.10427103997425437
1208,7886963_133943_emenda_jus.txt_55,0.10149400298758028
1209,7886963_133943_emenda_jus.txt_58,0.10060015797627306
1210,7886963_133943_emenda_jus.txt_59,0.10609296024153021
1211,7886963_133943_emenda_jus.txt_85,0.1350156102262937
1212,7886963_133943_emenda_jus.txt_97,0.10681309468684866
1213,7886963_133943_emenda_jus.txt_101,0.10678167603893539
1214,7886963_133943_emenda_jus.txt_102,0.11153889270555023
1215,7886963_133943_emenda_jus.txt_103,0.09096138871857291
1216,7886963_133943_emenda_jus.txt_105,0.11309253396642654
1217,7886963_133943_emenda_jus.txt_115,0.10388337694667087
1218,7886963_133943_emenda_jus.txt_118,0.0990153484704263
1219,7886963_133943_emenda_jus.txt_125,0.11515954846758157
1220,7886963_133943_emenda_jus.txt_128,0.10396466124896384
1221,7886963_133943_emenda_jus.txt_137,0.09984827212242392
1222,7886963_133943_emenda_jus.txt_138,0.1303222481337597
1223,7886963_133943_emenda_jus.txt_150,0.09734797731379148
1224,7886963_133943_emenda_jus.txt_151,0.10671228681599182
1225,7886963_133943_emenda_jus.txt_159,0.11364595061182886
1226,7886963_133943_emenda_jus.txt_160,0.1162226473767247
1227,7886963_133943_emenda_jus.txt_162,0.09935195938702221
1228,7886963_133943_emenda_jus.txt_163,0.10052602802137622
1229,7886963_133943_emenda_jus.txt_171,0.12011895445666727
1230,7886963_133943_emenda_jus.txt_172,0.10834273385357494
1231,7886963_133943_emenda_jus.txt_173,0.11332975214114792
1232,7886963_133943_emenda_jus.txt_174,0.09866333185041508
1233,7886963_133943_emenda_jus.txt_175,0.10633865916261502
1234,7886963_133943_emenda_jus.txt_176,0.10685517378489322
1235,7886963_133943_emenda_jus.txt_188,0.09530508677827658
1236,7886963_133943_emenda_jus.txt_200,0.09839180242925981
1237,7886963_133943_emenda_jus.txt_204,0.1292292158238354
1238,7886963_133943_emenda_jus.txt_205,0.09990435915884188
1239,7886963_133943_emenda_jus.txt_210,0.11357388514192657
1240,7886963_133943_emenda_jus.txt_212,0.10326238641589401
1241,7886963_133943_emenda_jus.txt_213,0.10523997270269524
1242,7886963_133943_emenda_jus.txt_215,0.10939526278379993
1243,7886963_133943_emenda_jus.txt_217,0.11629991272444375
1244,7886963_133943_emenda_jus.txt_218,0.11117183232344299
1245,7886963_133943_emenda_jus.txt_248,0.09725641538254681
1246,7886963_133943_emenda_jus.txt_249,0.12430358382129905
1247,7886963_133943_emenda_jus.txt_257,0.10853025774455487
1248,7886963_133943_emenda_jus.txt_258,0.12348756144261529
1249,7886963_133943_emenda_jus.txt_259,0.0
1250,7886963_133943_emenda_jus.txt_278,0.10003054436677242
1251,7886963_133943_emenda_jus.txt_280,0.09824112334256112
1252,7886963_133943_emenda_jus.txt_282,0.1179310432405563
1253,7886963_133943_emenda_jus.txt_285,0.10474473842299752
1254,7886963_133943_emenda_jus.txt_286,0.12378604351337276
1255,7886963_133943_emenda_jus.txt_287,0.12578824125783075
1256,7886963_133943_emenda_jus.txt_288,0.10170685188458208
1257,7886963_133943_emenda_jus.txt_289,0.10444612218978482
1258,7886963_133943_emenda_jus.txt_291,0.10215659371150808
1259,7886963_133943_emenda_jus.txt_309,0.0
1260,7886963_133943_emenda_jus.txt_311,0.1165516534483312
1261,7886963_133943_emenda_jus.txt_312,0.10001250646098171
1262,7886963_133943_emenda_jus.txt_316,0.13853640939806727
1263,7886963_133943_emenda_jus.txt_319,0.09340261115470952
1264,7886963_133943_emenda_jus.txt_320,0.09748905071095716
1265,7886963_133943_emenda_jus.txt_338,0.11091925000590828
1266,7886963_133943_emenda_jus.txt_345,0.12118382550446642
1267,7886963_133943_emenda_jus.txt_347,0.10747693578557153
1268,7886963_133943_emenda_jus.txt_348,0.11479976817267863
1269,7886963_133943_emenda_jus.txt_349,0.1132976495654079
1270,7886963_133943_emenda_jus.txt_350,0.10428969678656046
1271,7886963_133943_emenda_jus.txt_351,0.09983910905436283
1272,7886963_133943_emenda_jus.txt_352,0.11841984824028454
1273,7886963_133943_emenda_jus.txt_353,0.09462260079874525
1274,7886963_133943_emenda_jus.txt_355,0.10672951903988183
1275,7891074_133943_emenda_jus.txt_0,0.11734311019634582
1276,7891074_133943_emenda_jus.txt_10,0.10737029474287081
1277,7891074_133943_emenda_jus.txt_11,0.1269558021924812
1278,7891074_133943_emenda_jus.txt_15,0.10239196249014998
1279,7891074_133943_emenda_jus.txt_16,0.10321207567250171
1280,7891074_133943_emenda_jus.txt_17,0.13703303561613675
1281,7891074_133943_emenda_jus.txt_25,0.10983873720799996
1282,7891074_133943_emenda_jus.txt_32,0.11616582071834616
1283,7891074_133943_emenda_jus.txt_36,0.10123941308095281
1284,7891074_133943_emenda_jus.txt_37,0.1199242514810171
1285,7891074_133943_emenda_jus.txt_39,0.10412299576854572
1286,7891074_133943_emenda_jus.txt_40,0.11300131576721792
1287,7891074_133943_emenda_jus.txt_43,0.10997537734603295
1288,7891074_133943_emenda_jus.txt_44,0.1178227524690025
1289,7891074_133943_emenda_jus.txt_46,0.10818339431099698
1290,7891074_133943_emenda_jus.txt_47,0.09411800188953676
1291,7891074_133943_emenda_jus.txt_48,0.10070277724510956
1292,7891074_133943_emenda_jus.txt_49,0.10699374661065378
1293,7891074_133943_emenda_jus.txt_55,0.10441193821012834
1294,7891074_133943_emenda_jus.txt_58,0.1010163112541152
1295,7891074_133943_emenda_jus.txt_59,0.10828129785693155
1296,7891074_133943_emenda_jus.txt_85,0.1340223584782546
1297,7891074_133943_emenda_jus.txt_97,0.10530774190356787
1298,7891074_133943_emenda_jus.txt_101,0.1147275525623144
1299,7891074_133943_emenda_jus.txt_102,0.11070197077696166
1300,7891074_133943_emenda_jus.txt_103,0.09123943621701326
1301,7891074_133943_emenda_jus.txt_105,0.11173603109181016
1302,7891074_133943_emenda_jus.txt_115,0.10416091351592059
1303,7891074_133943_emenda_jus.txt_118,0.10029701020916473
1304,7891074_133943_emenda_jus.txt_125,0.10286999670647094
1305,7891074_133943_emenda_jus.txt_128,0.10506361654434061
1306,7891074_133943_emenda_jus.txt_137,0.09991397463704588
1307,7891074_133943_emenda_jus.txt_138,0.13041063395125868
1308,7891074_133943_emenda_jus.txt_150,0.1001670232948665
1309,7891074_133943_emenda_jus.txt_151,0.10477240405827004
1310,7891074_133943_emenda_jus.txt_159,0.11253312876281481
1311,7891074_133943_emenda_jus.txt_160,0.11363743628193877
1312,7891074_133943_emenda_jus.txt_162,0.09874315602697958
1313,7891074_133943_emenda_jus.txt_163,0.10065771568120571
1314,7891074_133943_emenda_jus.txt_171,0.119418113159091
1315,7891074_133943_emenda_jus.txt_172,0.10747815532697887
1316,7891074_133943_emenda_jus.txt_173,0.11391960591594036
1317,7891074_133943_emenda_jus.txt_174,0.10141813623642229
1318,7891074_133943_emenda_jus.txt_175,0.11303043668669714
1319,7891074_133943_emenda_jus.txt_176,0.10841580384335588
1320,7891074_133943_emenda_jus.txt_188,0.09726695435139393
1321,7891074_133943_emenda_jus.txt_200,0.1011602835549206
1322,7891074_133943_emenda_jus.txt_204,0.12818187146302965
1323,7891074_133943_emenda_jus.txt_205,0.1000514036491591
1324,7891074_133943_emenda_jus.txt_210,0.11228558745816819
1325,7891074_133943_emenda_jus.txt_212,0.10179203092729118
1326,7891074_133943_emenda_jus.txt_213,0.10749962113095846
1327,7891074_133943_emenda_jus.txt_215,0.10845954490625186
1328,7891074_133943_emenda_jus.txt_217,0.1149897267166181
1329,7891074_133943_emenda_jus.txt_218,0.11236815379214425
1330,7891074_133943_emenda_jus.txt_248,0.09851194344461642
1331,7891074_133943_emenda_jus.txt_249,0.12425260875301769
1332,7891074_133943_emenda_jus.txt_257,0.10685438715233149
1333,7891074_133943_emenda_jus.txt_258,0.12083259980317604
1334,7891074_133943_emenda_jus.txt_259,0.0
1335,7891074_133943_emenda_jus.txt_278,0.10098111912894255
1336,7891074_133943_emenda_jus.txt_280,0.09893667419896204
1337,7891074_133943_emenda_jus.txt_282,0.11877083404938592
1338,7891074_133943_emenda_jus.txt_285,0.10448000609836912
1339,7891074_133943_emenda_jus.txt_286,0.12108246689269972
1340,7891074_133943_emenda_jus.txt_287,0.1229553528523873
1341,7891074_133943_emenda_jus.txt_288,0.10011027347484844
1342,7891074_133943_emenda_jus.txt_289,0.10564190814913228
1343,7891074_133943_emenda_jus.txt_291,0.1002772931662115
1344,7891074_133943_emenda_jus.txt_309,0.0
1345,7891074_133943_emenda_jus.txt_311,0.11403480270558203
1346,7891074_133943_emenda_jus.txt_312,0.10010150162088846
1347,7891074_133943_emenda_jus.txt_316,0.13688463347698268
1348,7891074_133943_emenda_jus.txt_319,0.09505052422139243
1349,7891074_133943_emenda_jus.txt_320,0.09971129897312422
1350,7891074_133943_emenda_jus.txt_338,0.11111007446278805
1351,7891074_133943_emenda_jus.txt_345,0.1197418270827027
1352,7891074_133943_emenda_jus.txt_347,0.1074568193088592
1353,7891074_133943_emenda_jus.txt_348,0.12292350834129079
1354,7891074_133943_emenda_jus.txt_349,0.11410933863353336
1355,7891074_133943_emenda_jus.txt_350,0.10466297515853086
1356,7891074_133943_emenda_jus.txt_351,0.10173847230877606
1357,7891074_133943_emenda_jus.txt_352,0.11822251578860883
1358,7891074_133943_emenda_jus.txt_353,0.09628283588279975
1359,7891074_133943_emenda_jus.txt_355,0.10919681595857468
